TestNum,ElapsedTime
1,0.2726244
2,0.3469515
3,8.4847645
4,0.26936
5,0.3168071
6,10.4485039
